Id,SkillTypeBackendName,BackendName,NameAr,NameEn,DescriptionAr,DescriptionEn,DisplayOrder,IsActive
4D0FB4BD-F748-5B0C-A12F-10E3CEF49440,SOFT,TEAMWORK,العمل الجماعي,Teamwork,قدرة عملية على تطبيق العمل الجماعي في السياق المهني.,Practical ability to apply teamwork in a professional context.,1,true
903DA356-AD5B-5183-8E93-ECA8508A6241,SOFT,ADAPTABILITY,المرونة والتكيف,Adaptability,قدرة عملية على تطبيق المرونة والتكيف في السياق المهني.,Practical ability to apply adaptability in a professional context.,2,true
A803ECD7-B219-5EBE-A049-4B41437BEB13,SOFT,TIME_MANAGEMENT,إدارة الوقت,Time Management,قدرة عملية على تطبيق إدارة الوقت في السياق المهني.,Practical ability to apply time management in a professional context.,3,true
9D1579FC-3A3B-5944-AA8F-8E0011B77594,SOFT,ATTENTION_TO_DETAIL,الانتباه للتفاصيل,Attention to Detail,قدرة عملية على تطبيق الانتباه للتفاصيل في السياق المهني.,Practical ability to apply attention to detail in a professional context.,4,true
1DAB2BA2-6A80-545D-BBA1-B046EE99971E,SOFT,SELF_MANAGEMENT,الإدارة الذاتية,Self-Management,قدرة عملية على تطبيق الإدارة الذاتية في السياق المهني.,Practical ability to apply self-management in a professional context.,5,true
9579BF43-46CE-579A-A46F-E91EE06B2F3E,SOFT,RESILIENCE,المرونة المهنية,Professional Resilience,قدرة عملية على تطبيق المرونة المهنية في السياق المهني.,Practical ability to apply professional resilience in a professional context.,6,true
3166F708-E530-5EA1-832F-E6A463C03350,SOFT,PROFESSIONAL_ETHICS,أخلاقيات المهنة,Professional Ethics,قدرة عملية على تطبيق أخلاقيات المهنة في السياق المهني.,Practical ability to apply professional ethics in a professional context.,7,true
2038DED3-DFB0-5A46-8645-1AAC7A9906E0,SOFT,CONTINUOUS_LEARNING,التعلم المستمر,Continuous Learning,قدرة عملية على تطبيق التعلم المستمر في السياق المهني.,Practical ability to apply continuous learning in a professional context.,8,true
C40FF4D6-A042-514A-8313-77C656DBBBC3,COMMUNICATION,VERBAL_COMMUNICATION,التواصل الشفهي,Verbal Communication,قدرة عملية على تطبيق التواصل الشفهي في السياق المهني.,Practical ability to apply verbal communication in a professional context.,1,true
ABF8D155-E4B7-5194-B057-C1DF40A63DAE,COMMUNICATION,WRITTEN_COMMUNICATION,التواصل الكتابي,Written Communication,قدرة عملية على تطبيق التواصل الكتابي في السياق المهني.,Practical ability to apply written communication in a professional context.,2,true
76E685CE-8C06-5F2A-A6BB-004FCD9FE024,COMMUNICATION,PRESENTATION_SKILLS,مهارات العرض والتقديم,Presentation Skills,قدرة عملية على تطبيق مهارات العرض والتقديم في السياق المهني.,Practical ability to apply presentation skills in a professional context.,3,true
A71C1E8A-A941-582F-B969-F19C547CB528,COMMUNICATION,ACTIVE_LISTENING,الاستماع الفعال,Active Listening,قدرة عملية على تطبيق الاستماع الفعال في السياق المهني.,Practical ability to apply active listening in a professional context.,4,true
6BCC5FC7-C6C7-5A8F-A25B-D34AADF78463,COMMUNICATION,NEGOTIATION,التفاوض,Negotiation,قدرة عملية على تطبيق التفاوض في السياق المهني.,Practical ability to apply negotiation in a professional context.,5,true
10A91B0F-B008-5F5F-BD7B-30F8A4BBE034,COMMUNICATION,STAKEHOLDER_COMMUNICATION,التواصل مع أصحاب المصلحة,Stakeholder Communication,قدرة عملية على تطبيق التواصل مع أصحاب المصلحة في السياق المهني.,Practical ability to apply stakeholder communication in a professional context.,6,true
F0C23DB9-4D0A-56B8-8B30-6982FF61A395,COMMUNICATION,CUSTOMER_SERVICE,خدمة العملاء,Customer Service,قدرة عملية على تطبيق خدمة العملاء في السياق المهني.,Practical ability to apply customer service in a professional context.,7,true
09A5581F-1B3C-51E5-98BF-E97668A8EC95,COMMUNICATION,TECHNICAL_WRITING,الكتابة التقنية,Technical Writing,قدرة عملية على تطبيق الكتابة التقنية في السياق المهني.,Practical ability to apply technical writing in a professional context.,8,true
C0EF8900-6FEA-5586-9102-340D8BD219B6,LEADERSHIP,TEAM_LEADERSHIP,قيادة الفرق,Team Leadership,قدرة عملية على تطبيق قيادة الفرق في السياق المهني.,Practical ability to apply team leadership in a professional context.,1,true
6C50DF42-AFC9-56AB-B959-B475107A6AF4,LEADERSHIP,DECISION_MAKING,اتخاذ القرار,Decision Making,قدرة عملية على تطبيق اتخاذ القرار في السياق المهني.,Practical ability to apply decision making in a professional context.,2,true
D0655652-AAA0-585E-8E76-27275B4D84F0,LEADERSHIP,COACHING_MENTORING,التدريب والتوجيه,Coaching and Mentoring,قدرة عملية على تطبيق التدريب والتوجيه في السياق المهني.,Practical ability to apply coaching and mentoring in a professional context.,3,true
584DD4BE-59EF-5BAB-84E0-55908DED0AAE,LEADERSHIP,CONFLICT_RESOLUTION,حل النزاعات,Conflict Resolution,قدرة عملية على تطبيق حل النزاعات في السياق المهني.,Practical ability to apply conflict resolution in a professional context.,4,true
A76DBF01-B162-5AA1-846E-91FCB2C159B3,LEADERSHIP,DELEGATION,التفويض,Delegation,قدرة عملية على تطبيق التفويض في السياق المهني.,Practical ability to apply delegation in a professional context.,5,true
8E711389-8480-519D-B1EB-CD212C92D3D1,LEADERSHIP,PERFORMANCE_MANAGEMENT,إدارة الأداء,Performance Management,قدرة عملية على تطبيق إدارة الأداء في السياق المهني.,Practical ability to apply performance management in a professional context.,6,true
FF675A53-7E9E-59A6-AEED-0AD98233D8B0,MANAGEMENT,PROJECT_MANAGEMENT,إدارة المشاريع,Project Management,قدرة عملية على تطبيق إدارة المشاريع في السياق المهني.,Practical ability to apply project management in a professional context.,1,true
0FDB9EFA-A8DD-592E-B589-7F9077104410,MANAGEMENT,OPERATIONS_MANAGEMENT,إدارة العمليات,Operations Management,قدرة عملية على تطبيق إدارة العمليات في السياق المهني.,Practical ability to apply operations management in a professional context.,2,true
B1FAC2E9-8702-50D7-AE38-8105856B17CA,MANAGEMENT,STRATEGIC_PLANNING,التخطيط الاستراتيجي,Strategic Planning,قدرة عملية على تطبيق التخطيط الاستراتيجي في السياق المهني.,Practical ability to apply strategic planning in a professional context.,3,true
CDAE4F22-69F2-57D4-96FE-6C03D788D838,MANAGEMENT,BUDGET_MANAGEMENT,إدارة الميزانيات,Budget Management,قدرة عملية على تطبيق إدارة الميزانيات في السياق المهني.,Practical ability to apply budget management in a professional context.,4,true
2A463889-3807-5F9B-917B-D526B4F2BE37,MANAGEMENT,RISK_MANAGEMENT,إدارة المخاطر,Risk Management,قدرة عملية على تطبيق إدارة المخاطر في السياق المهني.,Practical ability to apply risk management in a professional context.,5,true
486C0BE0-51BC-5BCA-B547-4EC354136530,MANAGEMENT,QUALITY_MANAGEMENT,إدارة الجودة,Quality Management,قدرة عملية على تطبيق إدارة الجودة في السياق المهني.,Practical ability to apply quality management in a professional context.,6,true
DD703C54-C369-5D2C-A2E3-F5673288CBAE,MANAGEMENT,CHANGE_MANAGEMENT,إدارة التغيير,Change Management,قدرة عملية على تطبيق إدارة التغيير في السياق المهني.,Practical ability to apply change management in a professional context.,7,true
CF137500-93A7-5487-817D-2D1058DB52C3,MANAGEMENT,RESOURCE_PLANNING,تخطيط الموارد,Resource Planning,قدرة عملية على تطبيق تخطيط الموارد في السياق المهني.,Practical ability to apply resource planning in a professional context.,8,true
9FAD6F10-94EE-56F8-8942-38A12C6116CA,MANAGEMENT,PROCESS_IMPROVEMENT,تحسين العمليات,Process Improvement,قدرة عملية على تطبيق تحسين العمليات في السياق المهني.,Practical ability to apply process improvement in a professional context.,9,true
AB6188CD-2DCC-50B4-996E-0BA419F9CE58,MANAGEMENT,PROCUREMENT_MANAGEMENT,إدارة المشتريات,Procurement Management,قدرة عملية على تطبيق إدارة المشتريات في السياق المهني.,Practical ability to apply procurement management in a professional context.,10,true
D84C0704-5ECC-5BCF-BFB0-FB8F4626EAE5,MANAGEMENT,SUPPLY_CHAIN_MANAGEMENT,إدارة سلاسل الإمداد,Supply Chain Management,قدرة عملية على تطبيق إدارة سلاسل الإمداد في السياق المهني.,Practical ability to apply supply chain management in a professional context.,11,true
327131E1-CBF3-51BB-80E5-5B3BB310F268,MANAGEMENT,LOGISTICS_MANAGEMENT,إدارة الخدمات اللوجستية,Logistics Management,قدرة عملية على تطبيق إدارة الخدمات اللوجستية في السياق المهني.,Practical ability to apply logistics management in a professional context.,12,true
221448B6-81CF-58B4-BDA0-366850495F13,COMPUTER,DIGITAL_LITERACY,المهارات الرقمية,Digital Literacy,قدرة عملية على تطبيق المهارات الرقمية في السياق المهني.,Practical ability to apply digital literacy in a professional context.,1,true
1B430506-A68F-55F9-91AD-E309E66528E6,COMPUTER,MICROSOFT_OFFICE,تطبيقات مايكروسوفت أوفيس,Microsoft Office,قدرة عملية على تطبيق تطبيقات مايكروسوفت أوفيس في السياق المهني.,Practical ability to apply microsoft office in a professional context.,2,true
CED790DD-DDCB-5A2A-A01F-608889FF3423,COMPUTER,SPREADSHEET_ANALYSIS,تحليل البيانات بالجداول الإلكترونية,Spreadsheet Analysis,قدرة عملية على تطبيق تحليل البيانات بالجداول الإلكترونية في السياق المهني.,Practical ability to apply spreadsheet analysis in a professional context.,3,true
C90501CA-91D5-5D74-851F-97E30FB3944F,COMPUTER,DATABASE_TOOLS,أدوات قواعد البيانات,Database Tools,قدرة عملية على تطبيق أدوات قواعد البيانات في السياق المهني.,Practical ability to apply database tools in a professional context.,4,true
CBD97A2B-4885-581D-915C-EC0DEEC72331,COMPUTER,DATA_VISUALIZATION_TOOLS,أدوات تصور البيانات,Data Visualization Tools,قدرة عملية على تطبيق أدوات تصور البيانات في السياق المهني.,Practical ability to apply data visualization tools in a professional context.,5,true
D47B1D47-72F2-5F80-9275-66C19C5F4A3D,COMPUTER,COLLABORATION_TOOLS,أدوات التعاون الرقمي,Digital Collaboration Tools,قدرة عملية على تطبيق أدوات التعاون الرقمي في السياق المهني.,Practical ability to apply digital collaboration tools in a professional context.,6,true
58CFA113-58D2-522E-8232-BDFDE39D2A6A,COMPUTER,ENTERPRISE_SYSTEMS,أنظمة المؤسسات,Enterprise Systems,قدرة عملية على تطبيق أنظمة المؤسسات في السياق المهني.,Practical ability to apply enterprise systems in a professional context.,7,true
68D4E731-9757-5732-9718-EAE057BC27BF,COMPUTER,GIS_SOFTWARE,برمجيات نظم المعلومات الجغرافية,GIS Software,قدرة عملية على تطبيق برمجيات نظم المعلومات الجغرافية في السياق المهني.,Practical ability to apply gis software in a professional context.,8,true
A291F07C-40AF-56DD-8DDE-9D3C79D00763,COMPUTER,CAD_SOFTWARE,برمجيات التصميم بمساعدة الحاسوب,CAD Software,قدرة عملية على تطبيق برمجيات التصميم بمساعدة الحاسوب في السياق المهني.,Practical ability to apply cad software in a professional context.,9,true
573F144A-D61C-5ED9-87A4-4F9C44F85A52,ANALYTICAL,PROBLEM_SOLVING,حل المشكلات,Problem Solving,قدرة عملية على تطبيق حل المشكلات في السياق المهني.,Practical ability to apply problem solving in a professional context.,1,true
C7385C67-3F1E-5F6A-A3CB-4542D36FF933,ANALYTICAL,CRITICAL_THINKING,التفكير النقدي,Critical Thinking,قدرة عملية على تطبيق التفكير النقدي في السياق المهني.,Practical ability to apply critical thinking in a professional context.,2,true
591BD8A4-AE6A-5CE5-8C91-D7F57A205605,ANALYTICAL,DATA_ANALYSIS,تحليل البيانات,Data Analysis,قدرة عملية على تطبيق تحليل البيانات في السياق المهني.,Practical ability to apply data analysis in a professional context.,3,true
0FE290F0-CC94-57C7-A3D3-E1AC2BD7B02E,ANALYTICAL,STATISTICAL_ANALYSIS,التحليل الإحصائي,Statistical Analysis,قدرة عملية على تطبيق التحليل الإحصائي في السياق المهني.,Practical ability to apply statistical analysis in a professional context.,4,true
1D700A36-648F-5D60-A2F5-550AEA76B407,ANALYTICAL,QUANTITATIVE_ANALYSIS,التحليل الكمي,Quantitative Analysis,قدرة عملية على تطبيق التحليل الكمي في السياق المهني.,Practical ability to apply quantitative analysis in a professional context.,5,true
DFCB41E4-64A9-5B0D-B06C-DBBE7B5CB15E,ANALYTICAL,RESEARCH_METHODS,مناهج البحث,Research Methods,قدرة عملية على تطبيق مناهج البحث في السياق المهني.,Practical ability to apply research methods in a professional context.,6,true
81A3753C-B1B5-5638-A66B-174EF5D470C4,ANALYTICAL,ROOT_CAUSE_ANALYSIS,تحليل السبب الجذري,Root Cause Analysis,قدرة عملية على تطبيق تحليل السبب الجذري في السياق المهني.,Practical ability to apply root cause analysis in a professional context.,7,true
16AE792F-D558-53C3-9555-64CBBFDDED4F,ANALYTICAL,FORECASTING,التنبؤ والتحليل الاستشرافي,Forecasting,قدرة عملية على تطبيق التنبؤ والتحليل الاستشرافي في السياق المهني.,Practical ability to apply forecasting in a professional context.,8,true
663A70D1-D897-553F-9E12-888A328E4A34,ANALYTICAL,POLICY_ANALYSIS,تحليل السياسات,Policy Analysis,قدرة عملية على تطبيق تحليل السياسات في السياق المهني.,Practical ability to apply policy analysis in a professional context.,9,true
821DCCF8-B236-55C5-AF7B-A19AACDD2753,ANALYTICAL,BUSINESS_ANALYSIS,تحليل الأعمال,Business Analysis,قدرة عملية على تطبيق تحليل الأعمال في السياق المهني.,Practical ability to apply business analysis in a professional context.,10,true
58044337-7782-5F22-B175-D4AF4DDB805A,CREATIVE,DESIGN_THINKING,التفكير التصميمي,Design Thinking,قدرة عملية على تطبيق التفكير التصميمي في السياق المهني.,Practical ability to apply design thinking in a professional context.,1,true
BB433387-C6EC-55D9-AFE4-6CE6C1ABE680,CREATIVE,GRAPHIC_DESIGN,التصميم الجرافيكي,Graphic Design,قدرة عملية على تطبيق التصميم الجرافيكي في السياق المهني.,Practical ability to apply graphic design in a professional context.,2,true
492004FA-8F85-52EF-B310-8CE254A68CD0,CREATIVE,UX_UI_DESIGN,تصميم تجربة وواجهة المستخدم,UX/UI Design,قدرة عملية على تطبيق تصميم تجربة وواجهة المستخدم في السياق المهني.,Practical ability to apply ux/ui design in a professional context.,3,true
E22909DB-B2B9-5CA5-85BC-4ADE079B4005,CREATIVE,CONTENT_CREATION,إنشاء المحتوى,Content Creation,قدرة عملية على تطبيق إنشاء المحتوى في السياق المهني.,Practical ability to apply content creation in a professional context.,4,true
5785F5A2-5E12-5A58-B705-F17C1A592EED,CREATIVE,CREATIVE_WRITING,الكتابة الإبداعية,Creative Writing,قدرة عملية على تطبيق الكتابة الإبداعية في السياق المهني.,Practical ability to apply creative writing in a professional context.,5,true
74ABF434-A0E9-5988-81D3-DA0F12BCDBA8,CREATIVE,PHOTOGRAPHY,التصوير الفوتوغرافي,Photography,قدرة عملية على تطبيق التصوير الفوتوغرافي في السياق المهني.,Practical ability to apply photography in a professional context.,6,true
83395CA8-CFBC-5752-98BF-76527DEC89FE,CREATIVE,VIDEO_PRODUCTION,إنتاج الفيديو,Video Production,قدرة عملية على تطبيق إنتاج الفيديو في السياق المهني.,Practical ability to apply video production in a professional context.,7,true
7EA9BCB2-ED86-5B42-A068-B06B7342AC3E,CREATIVE,VISUAL_STORYTELLING,السرد البصري,Visual Storytelling,قدرة عملية على تطبيق السرد البصري في السياق المهني.,Practical ability to apply visual storytelling in a professional context.,8,true
E25DB40E-EAB0-5874-ABE4-51003582FCFD,LANGUAGE,PROFESSIONAL_ARABIC,اللغة العربية المهنية,Professional Arabic,قدرة عملية على تطبيق اللغة العربية المهنية في السياق المهني.,Practical ability to apply professional arabic in a professional context.,1,true
C9C8B7E4-0D79-5582-8F1C-EE6FD225229C,LANGUAGE,PROFESSIONAL_ENGLISH,اللغة الإنجليزية المهنية,Professional English,قدرة عملية على تطبيق اللغة الإنجليزية المهنية في السياق المهني.,Practical ability to apply professional english in a professional context.,2,true
50FA631B-0CCC-5EEF-BA7C-2A6360115102,LANGUAGE,TRANSLATION,الترجمة,Translation,قدرة عملية على تطبيق الترجمة في السياق المهني.,Practical ability to apply translation in a professional context.,3,true
54DD9BB9-005F-51BE-8118-758DBEB7F8B3,LANGUAGE,INTERPRETATION,الترجمة الشفوية,Interpretation,قدرة عملية على تطبيق الترجمة الشفوية في السياق المهني.,Practical ability to apply interpretation in a professional context.,4,true
A9594CE5-B729-5970-9F20-D8324030CD14,OTHER,COMPLIANCE_AWARENESS,الوعي بالامتثال,Compliance Awareness,قدرة عملية على تطبيق الوعي بالامتثال في السياق المهني.,Practical ability to apply compliance awareness in a professional context.,1,true
7A3E15BC-4232-5276-9643-D83987D97233,OTHER,OCCUPATIONAL_HEALTH_SAFETY,الصحة والسلامة المهنية,Occupational Health and Safety,قدرة عملية على تطبيق الصحة والسلامة المهنية في السياق المهني.,Practical ability to apply occupational health and safety in a professional context.,2,true
889D5573-8860-585F-A0A7-693B79898608,OTHER,DOCUMENTATION_RECORDS,إدارة الوثائق والسجلات,Documentation and Records Management,قدرة عملية على تطبيق إدارة الوثائق والسجلات في السياق المهني.,Practical ability to apply documentation and records management in a professional context.,3,true
C70EA40D-E33F-5D2E-BCFF-A6D9FE29D24F,OTHER,INFORMATION_LITERACY,الثقافة المعلوماتية,Information Literacy,قدرة عملية على تطبيق الثقافة المعلوماتية في السياق المهني.,Practical ability to apply information literacy in a professional context.,4,true
90749714-0401-5DB1-89E4-A35D2D7CE26C,OTHER,COMMUNITY_ENGAGEMENT,المشاركة المجتمعية,Community Engagement,قدرة عملية على تطبيق المشاركة المجتمعية في السياق المهني.,Practical ability to apply community engagement in a professional context.,5,true
41EBFC90-1CC7-58B2-BB94-C4261027ADDB,OTHER,CULTURAL_AWARENESS,الوعي الثقافي,Cultural Awareness,قدرة عملية على تطبيق الوعي الثقافي في السياق المهني.,Practical ability to apply cultural awareness in a professional context.,6,true
0A6DC48F-65AD-5571-91E3-5D26FDD6DF25,TECHNICAL,REQUIREMENTS_ANALYSIS,تحليل المتطلبات,Requirements Analysis,قدرة عملية على تطبيق تحليل المتطلبات في السياق المهني.,Practical ability to apply requirements analysis in a professional context.,1,true
52230922-B523-5A5F-A5A3-E416D77BA3C5,TECHNICAL,SYSTEM_DESIGN,تصميم الأنظمة,Systems Design,قدرة عملية على تطبيق تصميم الأنظمة في السياق المهني.,Practical ability to apply systems design in a professional context.,2,true
9CFA11DE-C7FD-5AF3-9189-4A6FFA539B28,TECHNICAL,BACKEND_DEVELOPMENT,تطوير الواجهات الخلفية,Backend Development,قدرة عملية على تطبيق تطوير الواجهات الخلفية في السياق المهني.,Practical ability to apply backend development in a professional context.,3,true
003BBF60-03BC-5E03-BBC4-62C6B4557339,TECHNICAL,FRONTEND_DEVELOPMENT,تطوير الواجهات الأمامية,Frontend Development,قدرة عملية على تطبيق تطوير الواجهات الأمامية في السياق المهني.,Practical ability to apply frontend development in a professional context.,4,true
D4E641C1-953D-522F-8BDC-8813CDF2CE4B,TECHNICAL,API_DEVELOPMENT,تطوير واجهات البرمجة,API Development,قدرة عملية على تطبيق تطوير واجهات البرمجة في السياق المهني.,Practical ability to apply api development in a professional context.,5,true
C1A2B32B-B331-5BD3-BB1F-A46F408DF292,TECHNICAL,DATABASE_DESIGN,تصميم قواعد البيانات,Database Design,قدرة عملية على تطبيق تصميم قواعد البيانات في السياق المهني.,Practical ability to apply database design in a professional context.,6,true
C29B1A96-03AB-5BC7-BC9E-80F2989E630D,TECHNICAL,SOFTWARE_TESTING,اختبار البرمجيات,Software Testing,قدرة عملية على تطبيق اختبار البرمجيات في السياق المهني.,Practical ability to apply software testing in a professional context.,7,true
4AF08780-2567-5BBF-8745-6CA1DA3DDBA7,TECHNICAL,DEVOPS_CICD,ديف أوبس والتكامل والنشر المستمر,DevOps and CI/CD,قدرة عملية على تطبيق ديف أوبس والتكامل والنشر المستمر في السياق المهني.,Practical ability to apply devops and ci/cd in a professional context.,8,true
A9753610-C5C8-56BC-95CE-351D56F30F1D,TECHNICAL,CLOUD_COMPUTING,الحوسبة السحابية,Cloud Computing,قدرة عملية على تطبيق الحوسبة السحابية في السياق المهني.,Practical ability to apply cloud computing in a professional context.,9,true
805EA8A8-CA47-599A-8AAC-B4FEEA3FE5F1,TECHNICAL,CYBERSECURITY,الأمن السيبراني,Cybersecurity,قدرة عملية على تطبيق الأمن السيبراني في السياق المهني.,Practical ability to apply cybersecurity in a professional context.,10,true
15405998-C382-5E4B-986B-BBA462A6F340,TECHNICAL,COMPUTER_NETWORKING,شبكات الحاسوب,Computer Networking,قدرة عملية على تطبيق شبكات الحاسوب في السياق المهني.,Practical ability to apply computer networking in a professional context.,11,true
D0940C4B-0989-591C-8F4D-EA520F5DD229,TECHNICAL,DATA_ENGINEERING,هندسة البيانات,Data Engineering,قدرة عملية على تطبيق هندسة البيانات في السياق المهني.,Practical ability to apply data engineering in a professional context.,12,true
853E1EBC-AB0D-5A04-B1C4-08648F29138D,TECHNICAL,MACHINE_LEARNING,تعلم الآلة,Machine Learning,قدرة عملية على تطبيق تعلم الآلة في السياق المهني.,Practical ability to apply machine learning in a professional context.,13,true
A4886351-0D41-5297-B015-B76C347C6442,TECHNICAL,ARTIFICIAL_INTELLIGENCE,الذكاء الاصطناعي,Artificial Intelligence,قدرة عملية على تطبيق الذكاء الاصطناعي في السياق المهني.,Practical ability to apply artificial intelligence in a professional context.,14,true
341B2BF3-52E6-5411-AF95-ED3735A85F83,TECHNICAL,SOFTWARE_ARCHITECTURE,معمارية البرمجيات,Software Architecture,قدرة عملية على تطبيق معمارية البرمجيات في السياق المهني.,Practical ability to apply software architecture in a professional context.,15,true
AF5CE858-3D3F-59DC-83D7-955019162770,TECHNICAL,ROBOTICS_AUTOMATION,الروبوتات والأتمتة,Robotics and Automation,قدرة عملية على تطبيق الروبوتات والأتمتة في السياق المهني.,Practical ability to apply robotics and automation in a professional context.,16,true
CE3159D7-C75D-5264-9CC5-684C569715C3,TECHNICAL,ENGINEERING_DESIGN,التصميم الهندسي,Engineering Design,قدرة عملية على تطبيق التصميم الهندسي في السياق المهني.,Practical ability to apply engineering design in a professional context.,17,true
7D3A8B6A-63B1-54C4-85ED-2268B210E419,TECHNICAL,TECHNICAL_DRAWING,الرسم الهندسي,Technical Drawing,قدرة عملية على تطبيق الرسم الهندسي في السياق المهني.,Practical ability to apply technical drawing in a professional context.,18,true
E4C863BB-1F99-5B27-AB35-DBD975A462AB,TECHNICAL,ELECTRICAL_SYSTEMS,الأنظمة الكهربائية,Electrical Systems,قدرة عملية على تطبيق الأنظمة الكهربائية في السياق المهني.,Practical ability to apply electrical systems in a professional context.,19,true
1763FD0F-2E2C-59EB-AA88-60E914D60C36,TECHNICAL,ELECTRONIC_SYSTEMS,الأنظمة الإلكترونية,Electronic Systems,قدرة عملية على تطبيق الأنظمة الإلكترونية في السياق المهني.,Practical ability to apply electronic systems in a professional context.,20,true
2B641D47-8C25-5666-A808-8392F0B713CA,TECHNICAL,MECHANICAL_SYSTEMS,الأنظمة الميكانيكية,Mechanical Systems,قدرة عملية على تطبيق الأنظمة الميكانيكية في السياق المهني.,Practical ability to apply mechanical systems in a professional context.,21,true
41AEDE62-E540-5A85-AFBD-510FC331F065,TECHNICAL,CIVIL_ENGINEERING_PRACTICE,الممارسات الهندسية المدنية,Civil Engineering Practice,قدرة عملية على تطبيق الممارسات الهندسية المدنية في السياق المهني.,Practical ability to apply civil engineering practice in a professional context.,22,true
F1146BB4-F84C-5E95-9C12-C484A6396AB7,TECHNICAL,STRUCTURAL_ANALYSIS,التحليل الإنشائي,Structural Analysis,قدرة عملية على تطبيق التحليل الإنشائي في السياق المهني.,Practical ability to apply structural analysis in a professional context.,23,true
C6F30788-7F76-5002-8BDA-78B0DA8AF366,TECHNICAL,PROCESS_ENGINEERING,هندسة العمليات,Process Engineering,قدرة عملية على تطبيق هندسة العمليات في السياق المهني.,Practical ability to apply process engineering in a professional context.,24,true
04748EF7-6D7C-5243-B84F-08376D7F528F,TECHNICAL,ENERGY_SYSTEMS,أنظمة الطاقة,Energy Systems,قدرة عملية على تطبيق أنظمة الطاقة في السياق المهني.,Practical ability to apply energy systems in a professional context.,25,true
3F221211-48BD-5A82-9C2F-0AB82E1AD9D0,TECHNICAL,MATERIALS_ENGINEERING,هندسة المواد,Materials Engineering,قدرة عملية على تطبيق هندسة المواد في السياق المهني.,Practical ability to apply materials engineering in a professional context.,26,true
688FC613-2ECE-5850-9C7C-96D39994CDF9,TECHNICAL,METALLURGY,علم وهندسة المعادن,Metallurgy,قدرة عملية على تطبيق علم وهندسة المعادن في السياق المهني.,Practical ability to apply metallurgy in a professional context.,27,true
4400FE17-4D56-5A55-8A3F-B1B38D23B28A,TECHNICAL,MANUFACTURING_PROCESSES,عمليات التصنيع,Manufacturing Processes,قدرة عملية على تطبيق عمليات التصنيع في السياق المهني.,Practical ability to apply manufacturing processes in a professional context.,28,true
809DB822-2DDB-5D83-AE38-DA071F1FF4EC,TECHNICAL,MAINTENANCE_ENGINEERING,هندسة الصيانة,Maintenance Engineering,قدرة عملية على تطبيق هندسة الصيانة في السياق المهني.,Practical ability to apply maintenance engineering in a professional context.,29,true
C2B29B70-D0CE-51C5-8D79-117C002ADB95,TECHNICAL,MARITIME_SYSTEMS,الأنظمة والتقنيات البحرية,Maritime Systems,قدرة عملية على تطبيق الأنظمة والتقنيات البحرية في السياق المهني.,Practical ability to apply maritime systems in a professional context.,30,true
50041C14-34FA-5826-AD65-DFDF78EACBC2,TECHNICAL,ARCHITECTURAL_DESIGN,التصميم المعماري,Architectural Design,قدرة عملية على تطبيق التصميم المعماري في السياق المهني.,Practical ability to apply architectural design in a professional context.,31,true
31946052-A375-50D5-81AE-1059385A5620,TECHNICAL,URBAN_PLANNING,التخطيط الحضري,Urban Planning,قدرة عملية على تطبيق التخطيط الحضري في السياق المهني.,Practical ability to apply urban planning in a professional context.,32,true
5313E98B-8623-5442-A5FC-AFD3D9CCDDA3,TECHNICAL,SURVEYING_GEOMATICS,المساحة والجيوماتكس,Surveying and Geomatics,قدرة عملية على تطبيق المساحة والجيوماتكس في السياق المهني.,Practical ability to apply surveying and geomatics in a professional context.,33,true
F93EF006-3166-5843-8666-84DC6534863E,TECHNICAL,LABORATORY_TECHNIQUES,التقنيات المخبرية,Laboratory Techniques,قدرة عملية على تطبيق التقنيات المخبرية في السياق المهني.,Practical ability to apply laboratory techniques in a professional context.,34,true
C9EC5B23-D883-5507-BFF3-57F45328E9CF,TECHNICAL,SCIENTIFIC_RESEARCH,البحث العلمي,Scientific Research,قدرة عملية على تطبيق البحث العلمي في السياق المهني.,Practical ability to apply scientific research in a professional context.,35,true
2AE051F2-2CCE-59D6-9374-B17E36A42C64,TECHNICAL,EXPERIMENTAL_DESIGN,تصميم التجارب,Experimental Design,قدرة عملية على تطبيق تصميم التجارب في السياق المهني.,Practical ability to apply experimental design in a professional context.,36,true
0CAA06FF-1D81-5C99-84D4-B31F94078C66,TECHNICAL,CHEMICAL_ANALYSIS,التحليل الكيميائي,Chemical Analysis,قدرة عملية على تطبيق التحليل الكيميائي في السياق المهني.,Practical ability to apply chemical analysis in a professional context.,37,true
DADDE62D-6C2C-574E-B732-B6DBE238BB74,TECHNICAL,MICROBIOLOGY_TECHNIQUES,تقنيات الأحياء الدقيقة,Microbiology Techniques,قدرة عملية على تطبيق تقنيات الأحياء الدقيقة في السياق المهني.,Practical ability to apply microbiology techniques in a professional context.,38,true
C5EB5569-69A2-5333-84B5-236E014D89C9,TECHNICAL,MOLECULAR_BIOLOGY,الأحياء الجزيئية,Molecular Biology,قدرة عملية على تطبيق الأحياء الجزيئية في السياق المهني.,Practical ability to apply molecular biology in a professional context.,39,true
E7426563-79A5-5553-B27D-36FEFE2A255F,TECHNICAL,BIOTECHNOLOGY_METHODS,تقنيات التكنولوجيا الحيوية,Biotechnology Methods,قدرة عملية على تطبيق تقنيات التكنولوجيا الحيوية في السياق المهني.,Practical ability to apply biotechnology methods in a professional context.,40,true
B3D79FA3-06EC-5BC5-AA9D-2957BB3A02BB,TECHNICAL,NANOTECHNOLOGY,تقنية النانو,Nanotechnology,قدرة عملية على تطبيق تقنية النانو في السياق المهني.,Practical ability to apply nanotechnology in a professional context.,41,true
5D0AB1EE-A1AD-54C3-8E96-CEA226131427,TECHNICAL,GENETICS_GENOMICS,علم الوراثة والجينوم,Genetics and Genomics,قدرة عملية على تطبيق علم الوراثة والجينوم في السياق المهني.,Practical ability to apply genetics and genomics in a professional context.,42,true
16191772-1808-58AF-8954-A64EF9161281,TECHNICAL,ENVIRONMENTAL_ASSESSMENT,التقييم البيئي,Environmental Assessment,قدرة عملية على تطبيق التقييم البيئي في السياق المهني.,Practical ability to apply environmental assessment in a professional context.,43,true
40BBA225-183C-565A-8E7C-FE5B59176101,TECHNICAL,FIELD_RESEARCH,البحث الميداني,Field Research,قدرة عملية على تطبيق البحث الميداني في السياق المهني.,Practical ability to apply field research in a professional context.,44,true
E7CC4B08-E82C-5CF2-AC37-8B3835BAE9BB,TECHNICAL,CLINICAL_ASSESSMENT,التقييم السريري,Clinical Assessment,قدرة عملية على تطبيق التقييم السريري في السياق المهني.,Practical ability to apply clinical assessment in a professional context.,45,true
9735BECC-6E6D-5056-A0F9-A3E9724D6B35,TECHNICAL,PATIENT_CARE,رعاية المرضى,Patient Care,قدرة عملية على تطبيق رعاية المرضى في السياق المهني.,Practical ability to apply patient care in a professional context.,46,true
1B6CE8A6-CFAF-51DB-900F-62527A06C173,TECHNICAL,CLINICAL_DOCUMENTATION,التوثيق السريري,Clinical Documentation,قدرة عملية على تطبيق التوثيق السريري في السياق المهني.,Practical ability to apply clinical documentation in a professional context.,47,true
BBADAED0-97E8-5423-AF9D-3B8A46067393,TECHNICAL,PHARMACOLOGY_PRACTICE,الممارسات الدوائية,Pharmacology Practice,قدرة عملية على تطبيق الممارسات الدوائية في السياق المهني.,Practical ability to apply pharmacology practice in a professional context.,48,true
BCADBE23-6C5E-5AED-994D-CE5DCEDE48C4,TECHNICAL,PUBLIC_HEALTH_PROGRAMS,برامج الصحة العامة,Public Health Programs,قدرة عملية على تطبيق برامج الصحة العامة في السياق المهني.,Practical ability to apply public health programs in a professional context.,49,true
16D2540B-EA67-5F97-A72A-A89D366AC701,TECHNICAL,NUTRITION_ASSESSMENT,التقييم الغذائي,Nutrition Assessment,قدرة عملية على تطبيق التقييم الغذائي في السياق المهني.,Practical ability to apply nutrition assessment in a professional context.,50,true
26113841-0762-5EA4-A86B-DB1C767D4F34,TECHNICAL,MEDICAL_LABORATORY,المختبرات الطبية,Medical Laboratory Practice,قدرة عملية على تطبيق المختبرات الطبية في السياق المهني.,Practical ability to apply medical laboratory practice in a professional context.,51,true
E59CB954-8671-516F-A29C-74FDA45A2B60,TECHNICAL,INFECTION_CONTROL,مكافحة العدوى,Infection Control,قدرة عملية على تطبيق مكافحة العدوى في السياق المهني.,Practical ability to apply infection control in a professional context.,52,true
01156E93-32D6-5C7F-B637-D7499FABF404,TECHNICAL,HEALTHCARE_QUALITY,جودة الرعاية الصحية,Healthcare Quality,قدرة عملية على تطبيق جودة الرعاية الصحية في السياق المهني.,Practical ability to apply healthcare quality in a professional context.,53,true
2DFCC316-C8A2-5DD9-A3A7-B1F20C2A773F,TECHNICAL,VETERINARY_CARE,الرعاية البيطرية,Veterinary Care,قدرة عملية على تطبيق الرعاية البيطرية في السياق المهني.,Practical ability to apply veterinary care in a professional context.,54,true
BFB88B12-E9F4-559F-92CA-736B756DAD7E,TECHNICAL,OPTOMETRY,البصريات وقياس النظر,Optometry,قدرة عملية على تطبيق البصريات وقياس النظر في السياق المهني.,Practical ability to apply optometry in a professional context.,55,true
91B4DE69-3A81-54FF-B3E1-BD20CCE4B7F3,TECHNICAL,ACCOUNTING,المحاسبة,Accounting,قدرة عملية على تطبيق المحاسبة في السياق المهني.,Practical ability to apply accounting in a professional context.,56,true
298ECAA6-8D68-500B-809A-C0054177182F,TECHNICAL,FINANCIAL_ANALYSIS,التحليل المالي,Financial Analysis,قدرة عملية على تطبيق التحليل المالي في السياق المهني.,Practical ability to apply financial analysis in a professional context.,57,true
65FDC6AF-2E30-55E7-B96C-5F132D010070,TECHNICAL,AUDITING,التدقيق,Auditing,قدرة عملية على تطبيق التدقيق في السياق المهني.,Practical ability to apply auditing in a professional context.,58,true
3DD6F95E-B3D6-5A47-B2E9-018E8127BE6F,TECHNICAL,MARKET_RESEARCH,بحوث السوق,Market Research,قدرة عملية على تطبيق بحوث السوق في السياق المهني.,Practical ability to apply market research in a professional context.,59,true
E3748F20-EA0C-5DFC-880D-E844C1C0DFA4,TECHNICAL,DIGITAL_MARKETING,التسويق الرقمي,Digital Marketing,قدرة عملية على تطبيق التسويق الرقمي في السياق المهني.,Practical ability to apply digital marketing in a professional context.,60,true
ACFB10F6-55C3-5171-8508-C53D2C43BFD5,TECHNICAL,HUMAN_RESOURCES_MANAGEMENT,إدارة الموارد البشرية,Human Resources Management,قدرة عملية على تطبيق إدارة الموارد البشرية في السياق المهني.,Practical ability to apply human resources management in a professional context.,61,true
574B6860-90FF-5F85-92C8-738CF4D3B860,TECHNICAL,RECRUITMENT_SELECTION,الاستقطاب والاختيار,Recruitment and Selection,قدرة عملية على تطبيق الاستقطاب والاختيار في السياق المهني.,Practical ability to apply recruitment and selection in a professional context.,62,true
49DAB749-146B-5C26-B601-6AAAFFB352D0,TECHNICAL,SALES_MANAGEMENT,إدارة المبيعات,Sales Management,قدرة عملية على تطبيق إدارة المبيعات في السياق المهني.,Practical ability to apply sales management in a professional context.,63,true
8575A2A5-E6A8-581E-AE63-E70E59B62445,TECHNICAL,ENTREPRENEURSHIP,ريادة الأعمال,Entrepreneurship,قدرة عملية على تطبيق ريادة الأعمال في السياق المهني.,Practical ability to apply entrepreneurship in a professional context.,64,true
21EEE5AF-63E7-5956-907D-197FCDC51029,TECHNICAL,ECONOMIC_ANALYSIS,التحليل الاقتصادي,Economic Analysis,قدرة عملية على تطبيق التحليل الاقتصادي في السياق المهني.,Practical ability to apply economic analysis in a professional context.,65,true
7B83FA34-3806-55F4-9045-2190C1D86CAC,TECHNICAL,TEACHING,التدريس,Teaching,قدرة عملية على تطبيق التدريس في السياق المهني.,Practical ability to apply teaching in a professional context.,66,true
13D36D6D-1079-5B57-A3B2-DCB55B9AE440,TECHNICAL,CURRICULUM_DEVELOPMENT,تطوير المناهج,Curriculum Development,قدرة عملية على تطبيق تطوير المناهج في السياق المهني.,Practical ability to apply curriculum development in a professional context.,67,true
0A4E165B-34C4-55CB-841A-0CED1D43C52B,TECHNICAL,STUDENT_ASSESSMENT,تقييم الطلبة,Student Assessment,قدرة عملية على تطبيق تقييم الطلبة في السياق المهني.,Practical ability to apply student assessment in a professional context.,68,true
24013150-F3D6-5931-87D0-5F19957E52C1,TECHNICAL,CLASSROOM_MANAGEMENT,إدارة الصف,Classroom Management,قدرة عملية على تطبيق إدارة الصف في السياق المهني.,Practical ability to apply classroom management in a professional context.,69,true
87A3F247-0CCE-52C3-A4BA-B6AC97B54956,TECHNICAL,INSTRUCTIONAL_DESIGN,التصميم التعليمي,Instructional Design,قدرة عملية على تطبيق التصميم التعليمي في السياق المهني.,Practical ability to apply instructional design in a professional context.,70,true
11539C1B-E8FE-5307-A47F-7D4E630290E1,TECHNICAL,LEGAL_RESEARCH,البحث القانوني,Legal Research,قدرة عملية على تطبيق البحث القانوني في السياق المهني.,Practical ability to apply legal research in a professional context.,71,true
C03E226C-B74E-5D60-936B-BDFAFEE27794,TECHNICAL,LEGAL_DRAFTING,الصياغة القانونية,Legal Drafting,قدرة عملية على تطبيق الصياغة القانونية في السياق المهني.,Practical ability to apply legal drafting in a professional context.,72,true
9859B0B0-1072-51E5-B047-0C3766119C86,TECHNICAL,CASE_ANALYSIS,تحليل القضايا,Case Analysis,قدرة عملية على تطبيق تحليل القضايا في السياق المهني.,Practical ability to apply case analysis in a professional context.,73,true
0B55D411-6C75-5C3A-9E6A-22CE8E10C504,TECHNICAL,REGULATORY_COMPLIANCE,الامتثال التنظيمي,Regulatory Compliance,قدرة عملية على تطبيق الامتثال التنظيمي في السياق المهني.,Practical ability to apply regulatory compliance in a professional context.,74,true
607E1A7E-1F45-5641-A066-CB3623A68049,TECHNICAL,MEDIATION_ARBITRATION,الوساطة والتحكيم,Mediation and Arbitration,قدرة عملية على تطبيق الوساطة والتحكيم في السياق المهني.,Practical ability to apply mediation and arbitration in a professional context.,75,true
DCA4C2CD-B407-5BE9-A017-5782761BFAD1,TECHNICAL,SOCIAL_RESEARCH,البحث الاجتماعي,Social Research,قدرة عملية على تطبيق البحث الاجتماعي في السياق المهني.,Practical ability to apply social research in a professional context.,76,true
814A6AE9-A388-5C24-94EB-0B683B72BD55,TECHNICAL,COUNSELING,الإرشاد,Counseling,قدرة عملية على تطبيق الإرشاد في السياق المهني.,Practical ability to apply counseling in a professional context.,77,true
830119E3-52C1-504E-947A-B6C21961DF09,TECHNICAL,SOCIAL_CASE_MANAGEMENT,إدارة الحالات الاجتماعية,Social Case Management,قدرة عملية على تطبيق إدارة الحالات الاجتماعية في السياق المهني.,Practical ability to apply social case management in a professional context.,78,true
A1E62B67-2D88-555E-A8AE-BCFC3FA368E6,TECHNICAL,PUBLIC_POLICY,السياسات العامة,Public Policy,قدرة عملية على تطبيق السياسات العامة في السياق المهني.,Practical ability to apply public policy in a professional context.,79,true
26644F4D-2702-506B-89FC-7FB7AEE27169,TECHNICAL,INTERNATIONAL_RELATIONS,العلاقات الدولية,International Relations,قدرة عملية على تطبيق العلاقات الدولية في السياق المهني.,Practical ability to apply international relations in a professional context.,80,true
90145C7A-DE9D-56A7-8F89-16752086CCEF,TECHNICAL,ARCHIVAL_RESEARCH,البحث الأرشيفي,Archival Research,قدرة عملية على تطبيق البحث الأرشيفي في السياق المهني.,Practical ability to apply archival research in a professional context.,81,true
A3522174-A754-5694-9455-08DA7FF12C1D,TECHNICAL,HERITAGE_DOCUMENTATION,توثيق التراث,Heritage Documentation,قدرة عملية على تطبيق توثيق التراث في السياق المهني.,Practical ability to apply heritage documentation in a professional context.,82,true
6FC32F34-560D-50FA-8709-7D8E3FA30AA8,TECHNICAL,RELIGIOUS_STUDIES_RESEARCH,البحث في الدراسات الدينية,Religious Studies Research,قدرة عملية على تطبيق البحث في الدراسات الدينية في السياق المهني.,Practical ability to apply religious studies research in a professional context.,83,true
0DC77F16-5BAB-5970-8BCF-197FD2961D4A,TECHNICAL,JOURNALISM,الصحافة,Journalism,قدرة عملية على تطبيق الصحافة في السياق المهني.,Practical ability to apply journalism in a professional context.,84,true
1BB9B66E-EE45-5CE4-88C7-0AB2ABD2CE35,TECHNICAL,MEDIA_PRODUCTION,الإنتاج الإعلامي,Media Production,قدرة عملية على تطبيق الإنتاج الإعلامي في السياق المهني.,Practical ability to apply media production in a professional context.,85,true
C3E06A0B-0271-5958-873F-314F3259CC3F,TECHNICAL,EDITING_PUBLISHING,التحرير والنشر,Editing and Publishing,قدرة عملية على تطبيق التحرير والنشر في السياق المهني.,Practical ability to apply editing and publishing in a professional context.,86,true
51F6F9A5-B839-5F05-885D-9286E1657DEB,TECHNICAL,PUBLIC_RELATIONS,العلاقات العامة,Public Relations,قدرة عملية على تطبيق العلاقات العامة في السياق المهني.,Practical ability to apply public relations in a professional context.,87,true
9DD3A8C3-8998-5179-AFD4-B2A26519205F,TECHNICAL,HOSPITALITY_OPERATIONS,عمليات الضيافة,Hospitality Operations,قدرة عملية على تطبيق عمليات الضيافة في السياق المهني.,Practical ability to apply hospitality operations in a professional context.,88,true
23C3DD29-8FF9-52F4-BCDE-625910E26020,TECHNICAL,FOOD_SAFETY,سلامة الغذاء,Food Safety,قدرة عملية على تطبيق سلامة الغذاء في السياق المهني.,Practical ability to apply food safety in a professional context.,89,true
85F03BA7-D75F-5942-BAE9-9563960FF757,TECHNICAL,CULINARY_OPERATIONS,عمليات الطهي,Culinary Operations,قدرة عملية على تطبيق عمليات الطهي في السياق المهني.,Practical ability to apply culinary operations in a professional context.,90,true
F71D7F0B-C85D-5E7B-AB6A-48E3AD21E9F7,TECHNICAL,EVENT_MANAGEMENT,إدارة الفعاليات,Event Management,قدرة عملية على تطبيق إدارة الفعاليات في السياق المهني.,Practical ability to apply event management in a professional context.,91,true
8E5DC24A-BA92-5148-A24B-DB9071B2D14E,TECHNICAL,TOURISM_OPERATIONS,عمليات السياحة,Tourism Operations,قدرة عملية على تطبيق عمليات السياحة في السياق المهني.,Practical ability to apply tourism operations in a professional context.,92,true
CC6492AA-6355-5F81-9168-6848E61B1741,TECHNICAL,AGRICULTURAL_PRODUCTION,الإنتاج الزراعي,Agricultural Production,قدرة عملية على تطبيق الإنتاج الزراعي في السياق المهني.,Practical ability to apply agricultural production in a professional context.,93,true
4F81E34C-B89D-5234-9AC9-838435CBB75D,TECHNICAL,PLANT_SCIENCE,علوم النبات,Plant Science,قدرة عملية على تطبيق علوم النبات في السياق المهني.,Practical ability to apply plant science in a professional context.,94,true
0397B079-047B-5948-BFE3-744E046A8405,TECHNICAL,ANIMAL_CARE,رعاية الحيوان,Animal Care,قدرة عملية على تطبيق رعاية الحيوان في السياق المهني.,Practical ability to apply animal care in a professional context.,95,true
C33E50FA-5564-5C42-9AE8-C182186B8AF4,TECHNICAL,FORESTRY_MANAGEMENT,إدارة الغابات,Forestry Management,قدرة عملية على تطبيق إدارة الغابات في السياق المهني.,Practical ability to apply forestry management in a professional context.,96,true
5ED02E30-3943-5CEA-9F7B-50B2E55FA33B,TECHNICAL,FOOD_PRODUCTION,إنتاج الغذاء,Food Production,قدرة عملية على تطبيق إنتاج الغذاء في السياق المهني.,Practical ability to apply food production in a professional context.,97,true
AE812A14-BB34-5DC0-8BC8-5CB20831C565,TECHNICAL,SECURITY_OPERATIONS,العمليات الأمنية,Security Operations,قدرة عملية على تطبيق العمليات الأمنية في السياق المهني.,Practical ability to apply security operations in a professional context.,98,true
A5CE2504-E4E2-5B09-95E8-1941CC47628C,TECHNICAL,EMERGENCY_MANAGEMENT,إدارة الطوارئ,Emergency Management,قدرة عملية على تطبيق إدارة الطوارئ في السياق المهني.,Practical ability to apply emergency management in a professional context.,99,true
F550CE4E-57AB-5673-AF14-F1C8BB5B63F5,TECHNICAL,INVESTIGATION,التحقيق,Investigation,قدرة عملية على تطبيق التحقيق في السياق المهني.,Practical ability to apply investigation in a professional context.,100,true
AC7EE3AB-031B-5290-A83F-16D07B6F5903,TECHNICAL,THREAT_ASSESSMENT,تقييم التهديدات,Threat Assessment,قدرة عملية على تطبيق تقييم التهديدات في السياق المهني.,Practical ability to apply threat assessment in a professional context.,101,true
